Price,Close,High,Low,Open,Volume
Ticker,NVDA,NVDA,NVDA,NVDA,NVDA
Date,,,,,
2022-09-30,12.124435424804688,12.617843152178319,12.060512083209433,12.072497769291674,565638000
2022-10-03,12.496984481811523,12.662785631635575,12.090472379874534,12.332182535764046,547478000
2022-10-04,13.151199340820312,13.204136190107327,12.863544835805731,12.863544835805731,584182000
2022-10-05,13.193147659301758,13.305013714174029,12.605853966944263,12.895505903047873,507131000
2022-10-06,13.114242553710938,13.639611314052862,13.087274530186729,13.204134695418574,644157000
2022-10-07,12.061509132385254,12.654796201075285,12.007574030916151,12.489994237550277,672478000
2022-10-10,11.655998229980469,12.109453033694102,11.394312497803934,12.022557524321028,698699000
2022-10-11,11.572098731994629,11.831786041509178,11.269461843433058,11.54712815726148,667482000
2022-10-12,11.486199378967285,11.72091702336587,11.331385654046086,11.56510504715587,492590000
2022-10-13,11.945649147033691,12.063507588455623,10.800025128253889,10.957835535283426,850103000
2022-10-14,11.213529586791992,12.096468749363734,11.190557419433182,12.042533640006935,713432000
2022-10-17,11.873734474182129,11.93366289601578,11.503180320321372,11.504178571709462,580774000
2022-10-18,11.952638626098633,12.477008202026717,11.604057477583986,12.329186050392929,659362000
2022-10-19,12.036539077758789,12.335181032699738,11.819799458687841,11.864745537264808,523131000
2022-10-20,12.179368019104004,12.753677855723845,12.090474113843353,12.098464887612497,652398000
2022-10-21,12.45103931427002,12.48300145251029,11.87273464494729,12.083480915950764,609494000
2022-10-24,12.583881378173828,12.694748240906902,12.049523522041948,12.492990972974244,517457000
2022-10-25,13.245086669921875,13.284040381036611,12.648802939445655,12.678767625696967,505482000
2022-10-26,12.880523681640625,13.371932869070665,12.692749570939775,12.85355660958712,532953000
2022-10-27,13.160187721252441,13.821393940388157,13.10625262326881,13.613643368877959,583113000
2022-10-28,13.817397117614746,13.833378662412715,13.045325049761063,13.08827366541225,521040000
2022-10-31,13.480803489685059,13.821394849721266,13.281043677986505,13.761466429946742,486341000
2022-11-01,13.526748657226562,13.908290227767797,13.502777289517077,13.794426707412695,432817000
2022-11-02,13.203136444091797,14.192947372971393,13.19514662360441,13.833379732732721,672628000
2022-11-03,13.404894828796387,13.76446345186093,12.94045361155459,13.027349108120536,500065000
2022-11-04,14.139012336730957,14.211924687913195,13.680562569441259,13.969216267739197,612576000
2022-11-07,14.28383731842041,14.39470417066261,13.937254576285332,14.210924969876425,410061000
2022-11-08,14.584478378295898,14.87313114705052,14.198940931486579,14.78323899130467,595292000
2022-11-09,13.759469032287598,14.193947458013763,13.742489233902935,14.145005518105632,454414000
2022-11-10,15.731100082397461,15.75407224629037,14.529543607521711,14.782240267933439,700819000
2022-11-11,16.307409286499023,16.369335168505195,15.463423867683403,15.78803371742249,655487000
2022-11-14,16.275447845458984,16.520154710286672,15.90289526017533,16.198540572389145,527852000
2022-11-15,16.64600372314453,16.97760420057241,16.36234408331265,16.701936287889954,545876000
2022-11-16,15.890908241271973,16.342365517165717,15.853952937545785,16.142606655252838,649547000
2022-11-17,15.658187866210938,16.246481775556962,15.516358066087552,15.69614237342874,710894000
2022-11-18,15.390509605407715,15.982798417252967,15.101855894679975,15.946840413233774,492072000
2022-11-21,15.298619270324707,15.458427110416554,15.06190321660451,15.128823202094654,404739000
2022-11-22,16.018753051757812,16.03872950715778,15.103851969083491,15.309605078065967,472866000
2022-11-23,16.499176025390625,16.507167751178848,16.028742467722342,16.07868170486478,427241000
2022-11-25,16.25047492980957,16.467213564528336,16.152592965743032,16.298417660593895,167934000
2022-11-28,15.808008193969727,16.33737291090951,15.70613130428347,16.006768811275037,303741000
2022-11-29,15.620233535766602,15.912882164186339,15.501376850924105,15.808007666207146,298384000
2022-11-30,16.90701675415039,16.91401011224117,15.582268932663492,15.682173912135513,565298000
2022-12-01,17.118816375732422,17.24869275346434,16.619288621222157,16.98294514663755,470977000
2022-12-02,16.860061645507812,16.91700892717154,16.429468928660246,16.643267526890366,371389000
2022-12-05,16.59431266784668,16.978949268719298,16.456442519339436,16.663247742100303,352255000
2022-12-06,15.971901893615723,16.557347948087997,15.804060336485716,16.514389290224578,352694000
2022-12-07,16.10477638244629,16.17071403382129,15.652203194730875,15.75710452343126,372388000
2022-12-08,17.152788162231445,17.16277894802757,15.943929758566341,16.257634334812423,515456000
2022-12-09,16.98494529724121,17.566396442617396,16.958970779116104,17.143795548869498,465338000
2022-12-12,17.51844024658203,17.52143767261398,16.781138231333195,17.020911352868033,457328000
2022-12-13,18.054933547973633,18.772255889974957,17.69427441056782,18.51349970864757,656589000
2022-12-14,17.657310485839844,18.234765710233187,17.403550623982994,17.970014650100538,496888000
2022-12-15,16.935989379882812,17.303641853458835,16.684228478407395,17.12980640085517,478542000
2022-12-16,16.555347442626953,17.02490473599682,16.394500212198125,16.848071870974135,478232000
2022-12-19,16.238649368286133,16.593313647546687,16.12975305529303,16.55634984053249,354039000
2022-12-20,16.06981086730957,16.294598792773698,15.837032027884236,16.04883078796943,403260000
2022-12-21,16.48541259765625,16.611294934737366,16.08678932558444,16.098779026995476,325025000
2022-12-22,15.324511528015137,16.122757584002017,14.867943401496623,16.07879851851709,565045000
2022-12-23,15.19163990020752,15.324513716760682,14.868944984616018,15.181649115463676,349326000
2022-12-27,14.10766315460205,15.085738590930205,14.042724012860875,15.05976312478845,464902000
2022-12-28,14.022743225097656,14.248529600016075,13.870886362519705,13.913845969988317,351066000
2022-12-29,14.589208602905273,14.669132974621009,14.213564246396047,14.388399166814343,354923000
2022-12-30,14.600198745727539,14.615183969836613,14.21955804675958,14.320462493891805,310490000
2023-01-03,14.30147933959961,14.981836857108386,14.082686318071687,14.836973349478153,401277000
2023-01-04,14.735069274902344,14.838971139139868,14.22754965642136,14.553241965260252,431324000
2023-01-05,14.2515287399292,14.550246156419023,14.13463865328627,14.477315142006633,389168000
2023-01-06,14.844966888427734,14.995824302039097,14.020746235509238,14.460330266141224,405044000
2023-01-09,15.613240242004395,16.04083551016208,15.12669972895464,15.26956527336169,504231000
2023-01-10,15.893976211547852,15.94692565619881,15.45738863240079,15.49235542656155,384101000
2023-01-11,15.985888481140137,16.012863409814404,15.548302392492102,15.825041227015033,353285000
2023-01-12,16.495405197143555,16.621285642542368,15.477367579612611,16.084794083982377,551409000
2023-01-13,16.88304328918457,16.906022287923534,16.149737115561667,16.262629378708784,447287000
2023-01-17,17.68528175354004,17.711258174571284,16.883040616258818,16.883040616258818,511102000
2023-01-18,17.3605899810791,17.856119943115402,17.265678479463602,17.650315114393536,439624000
2023-01-19,16.74916648864746,17.180759619770345,16.7152001075131,17.019910464206095,452932000
2023-01-20,17.822154998779297,17.839139143537217,16.809112598985287,16.994935873343884,564967000
2023-01-23,19.17487335205078,19.22682428472633,17.801172014631053,18.046938056185414,655163000
2023-01-24,19.24680519104004,19.476589423278178,18.802225761623806,18.809219120213985,496204000
2023-01-25,19.304750442504883,19.351706937761307,18.562452134690616,18.89513781742045,449537000
2023-01-26,19.78329849243164,20.146955040954566,19.259793204752064,19.682394047297027,489535000
2023-01-27,20.34576988220215,20.60852202920025,19.386677288078687,19.443622672455074,542142000
2023-01-30,19.143905639648438,20.120980831649582,19.13191593484306,19.931161624007693,488611000
2023-01-31,19.518552780151367,19.668410761057327,18.932107163508118,19.15189874180035,498017000
2023-02-01,20.9232234954834,21.17198699825666,19.592480623653994,19.672405000290908,660477000
2023-02-02,21.68849754333496,21.92827065743993,20.680451576187373,20.980167492431757,564276000
2023-02-03,21.0800724029541,21.724463687493483,20.769365304933352,20.980166467238757,429366000
2023-02-06,21.069082260131836,21.54962695222601,20.766367039433767,20.78634860687831,452197000
2023-02-07,22.15205955505371,22.23797877641693,21.13002498740977,21.361806230961744,664150000
2023-02-08,22.18402862548828,22.85639335249941,21.987214177175577,22.365855944634315,559651000
2023-02-09,22.315906524658203,22.998262115302975,22.0991123881512,22.584653507589806,523876000
2023-02-10,21.244915008544922,22.057146871352533,20.791345235745542,21.669514747583833,550737000
2023-02-13,21.76742172241211,22.027176385632682,20.94220165152023,21.51765784303239,474919000
2023-02-14,22.949302673339844,23.027228111755473,21.34581727953393,21.5576169213997,675474000
2023-02-15,22.74250030517578,22.8334139631762,22.08512271870245,22.52770321112583,420575000
2023-02-16,21.98122215270996,22.528703052174777,21.906292220376635,22.112097049271306,412026000
2023-02-17,21.367795944213867,21.71946270484864,20.955185985086437,21.610566420555607,465888000
2023-02-21,20.6354923248291,21.47369869665402,20.59852661530796,20.98016579111472,410015000
2023-02-22,20.734403610229492,21.084073518416005,20.40171784867797,20.687449009395582,513184000
2023-02-23,23.641653060913086,23.86544246211302,23.003256545300975,23.417865565260627,1117995000
2023-02-24,23.264005661010742,23.451829726072322,22.925327050973003,23.203064357889673,589716000
2023-02-27,23.478803634643555,23.857445393658914,23.431849045761055,23.64764464547648,452994000
2023-02-28,23.194072723388672,23.80249869803318,23.184081939450895,23.349925522833068,455963000
2023-03-01,22.67656135559082,23.23403488033145,22.48674027986424,23.170094246932813,460026000
2023-03-02,23.291982650756836,23.357920308553588,22.410815596059578,22.466764374216684,389415000
2023-03-03,23.867435455322266,23.877426239059123,23.108153041245387,23.297974121151398,412393000
2023-03-06,23.53175926208496,24.22510226952405,23.464821187397735,23.868440932721274,437429000
2023-03-07,23.26995849609375,24.106309951195037,23.222994023470914,23.58171705881991,515154000
2023-03-08,24.162267684936523,24.181253972682587,23.405854133603068,23.468805055531643,513573000
2023-03-09,23.417842864990234,24.435053778962832,23.364882526093854,24.156268710129314,501257000
2023-03-10,22.947208404541016,23.608696186782492,22.7083932455894,23.390864666951877,474866000
2023-03-13,22.94820785522461,23.27995138685032,22.27972740992486,22.734374845424707,421890000
2023-03-14,24.044355392456055,24.20023465879967,23.44182196451992,23.477795275750477,474910000
2023-03-15,24.209230422973633,24.26718414675934,23.341902860231983,23.742591262461122,524486000
2023-03-16,25.521211624145508,25.568174187780844,23.875486426840148,24.008384707139463,583253000
2023-03-17,25.70507049560547,26.37854811527238,25.648113542090044,25.961871359937923,848547000
2023-03-20,25.879934310913086,26.003838794237083,25.11053038968524,25.595155259242034,432747000
2023-03-21,26.178701400756836,26.371552664422822,25.361336269568945,26.159717020816753,547408000
2023-03-22,26.44749641418457,27.56762829745491,26.21667446366204,26.404528551029856,797295000
2023-03-23,27.169933319091797,27.477695255263573,26.66932202581043,27.093991987859635,564889000
2023-03-24,26.75825309753418,27.145952994008773,26.33458179234645,27.010058676139064,454920000
2023-03-27,26.51044273376465,26.97907919440024,26.344570992049672,26.81620538734973,361026000
2023-03-28,26.389537811279297,26.492458648935738,25.82997222376829,26.42650979990374,356104000
2023-03-29,26.963096618652344,27.05702366614578,26.576397269802417,26.804221294380273,393694000
2023-03-30,27.361780166625977,27.477691405792708,27.080997778019988,27.207900173033256,364516000
2023-03-31,27.755475997924805,27.812431035717594,27.083995847167504,27.11896857315792,433933000
2023-04-03,27.943328857421875,27.978301581929642,27.31481658657728,27.48768285678456,398716000
2023-04-04,27.43172836303711,27.978305428409012,27.285841576213635,27.944331375396246,368592000
2023-04-05,26.86017417907715,26.97708220560241,26.37455065173421,26.80821442088673,515015000
2023-04-06,27.016054153442383,27.05902010799569,26.406526131732786,26.56340408671622,397654000
2023-04-10,27.55763053894043,27.59959781175058,26.648335816312407,26.802215816616297,395279000
2023-04-11,27.147953033447266,27.768472239756676,27.104985171162546,27.702523384638553,314378000
2023-04-12,26.47447395324707,27.446719698838795,26.42750948196734,27.34879605082514,446259000
2023-04-13,26.4424991607666,26.86617048576454,26.30860409528511,26.71328913277875,353615000
2023-04-14,26.737266540527344,26.86216968687569,26.199683291915306,26.48346363683986,395660000
2023-04-17,26.981081008911133,26.985077620218803,26.412521597702874,26.544419300210514,321471000
2023-04-18,27.64556312561035,28.088220677251833,27.335803850613633,27.511668078538015,604812000
2023-04-19,27.909358978271484,27.97830576142074,27.210901154073433,27.339800915924755,358660000
2023-04-20,27.08300018310547,28.00828332218978,26.979080669784498,27.649560313033174,427713000
2023-04-21,27.09798812866211,27.16193962505463,26.701296358072568,26.93111770046531,345103000
2023-04-24,27.02104949951172,27.344797891534892,26.650336635594115,26.992072637622144,339282000
2023-04-25,26.22066879272461,27.22588990438173,26.204682347625166,27.05702021339029,378527000
2023-04-26,26.935115814208984,27.30882661492914,26.684310819759823,26.981081609948404,406337000
2023-04-27,27.204904556274414,27.473697135730493,26.604370391400188,27.34179944259382,377161000
2023-04-28,27.727502822875977,27.736494722113637,27.050026680821563,27.20390860883088,292216000
2023-05-01,28.887605667114258,29.035491740390732,27.758481823022723,27.81843481235268,570329000
2023-05-02,28.188142776489258,28.81365912640652,28.06124227027244,28.657779853563685,402730000
2023-05-03,27.78045654296875,28.345019263539147,27.450712333034048,27.81842720386248,383387000
2023-05-04,27.540647506713867,27.83741639402646,27.21889646264562,27.629577352333005,321850000
2023-05-05,28.657779693603516,28.732720441787755,27.70951555183905,27.804441261887433,361494000
2023-05-08,29.128414154052734,29.19736093983139,28.328036044950306,28.499901765349517,344979000
2023-05-09,28.54886245727539,28.950551416305693,28.42795782373757,28.87660934582165,314869000
2023-05-10,28.86262321472168,29.090447225037636,28.43895189810926,28.982529184246165,369350000
2023-05-11,28.555856704711914,28.927570123485957,28.224115114379536,28.873611109189465,322149000
2023-05-12,28.31804084777832,28.75770044655747,28.024268029130468,28.506893577420765,274222000
2023-05-15,28.93056869506836,28.94655704667606,28.130190555712023,28.485913749676843,293926000
2023-05-16,29.190366744995117,29.8468592323244,28.809663309971146,28.81865520899866,449405000
2023-05-17,30.154617309570312,30.175600947098626,29.407197674823205,29.56107768336416,432535000
2023-05-18,31.653453826904297,31.803337218364412,30.29650627019934,30.386436686249557,748725000
2023-05-19,31.239776611328125,31.555531759478416,30.892046668425955,31.51156522552532,473908000
2023-05-22,31.151845932006836,31.495579269125198,30.656229935125022,30.877057472880523,372000000
2023-05-23,30.66422462463379,31.263760164158064,30.60726957743284,30.975983181421253,356253000
2023-05-24,30.514339447021484,30.583286230185738,29.78290624556208,30.186592557912466,721419000
2023-05-25,37.9505729675293,39.44941078052054,36.606613842123146,38.49315152397772,1543911000
2023-05-26,38.91582489013672,39.13965036548496,37.5209065628187,37.86064329293303,714397000
2023-05-30,40.079925537109375,41.905509800536095,39.9180522909101,40.563551734657395,923401000
2023-05-31,37.804683685302734,40.26377529792952,37.792691946795934,39.45740140056339,1002580000
2023-06-01,39.73918533325195,40.0189671601438,38.31029304006884,38.45917585173872,635873000
2023-06-02,39.296531677246094,40.46862324900234,39.027739074551626,40.06593558901887,482731000
2023-06-05,39.14065170288086,39.534343625841366,38.6770105091887,38.87885366395156,396094000
2023-06-06,38.624046325683594,39.12965474443365,38.118437906933536,38.79991244370003,388729000
2023-06-07,37.44983673095703,39.4724798355732,37.33091714927566,38.88887231517685,511998000
2023-06-08,38.48414611816406,38.83790856539692,37.47982353092405,37.69867447040822,417772000
2023-06-09,38.74397659301758,39.6843430375393,38.54111373857544,39.01079566486037,427717000
2023-06-12,39.45549392700195,39.503462039764756,38.59207552154446,39.173685553174,388701000
2023-06-13,40.99445724487305,41.073406583154025,39.7133202956982,40.15901999798978,613208000
2023-06-14,42.9681396484375,42.97113598782619,40.52477736242913,40.7965979524684,740465000
2023-06-15,42.624366760253906,43.25994139693394,42.11870592148791,42.573402308118794,568622000
2023-06-16,42.663333892822266,43.691642253904746,42.63235266585127,43.42082432044267,655709000
2023-06-20,43.77859115600586,43.96047200197597,42.645353517675446,42.969137333828364,451153000
2023-06-21,43.01610565185547,43.585726565562325,42.05175703552066,43.471800857966244,551603000
2023-06-22,42.99611282348633,43.39684073986037,42.20564356647612,42.22462800338613,417737000
2023-06-23,42.180667877197266,42.780263617046714,41.98679785096617,42.435497782094814,358140000
2023-06-26,40.60472106933594,42.73528968879071,40.07307674112564,42.432491709500844,594322000
2023-06-27,41.84788513183594,41.91184134069005,40.42084625845822,40.77160853354225,462175000
2023-06-28,41.08939743041992,41.816909341318976,40.490800534066345,40.63270349711572,582639000
2023-06-29,40.79458999633789,41.57206751161818,40.57273892901067,41.53009589413119,380514000
2023-06-30,42.27360153198242,42.52143615172758,41.47314054093111,41.65202123521711,501148000
2023-07-03,42.384521484375,42.86919645813437,42.17366461675994,42.48845174872612,198209000
2023-07-05,42.28858947753906,43.1480088666597,42.0567429868184,42.1067086541188,323618000
2023-07-06,42.074737548828125,42.15068674468522,41.31824574169724,41.81591253990793,303582000
2023-07-07,42.474464416503906,43.18498944249767,42.151683210929725,42.293586172904085,355881000
2023-07-10,42.15167999267578,42.782256847848465,41.62103447108327,42.62836091679516,353908000
2023-07-11,42.376522064208984,42.72928565050991,42.03875160697991,42.45247124053708,298244000
2023-07-12,43.872520446777344,43.90549923284697,42.748275878823826,43.00410449451526,481277000
2023-07-13,45.94613265991211,46.12401074310035,44.46212906513595,44.48811258488501,478204000
2023-07-14,45.4384651184082,48.05570569856439,45.02973940337793,46.55171537824442,772075000
2023-07-17,46.42980194091797,46.46477828741377,45.231609519436155,46.25792035935908,510488000
2023-07-18,47.462120056152344,47.863850648416545,45.70330309932185,46.66965307393639,569164000
2023-07-19,47.04539108276367,47.78589468669408,46.71061692438983,47.432132278953816,427502000
2023-07-20,45.489437103271484,47.05538631913264,45.03174443382623,46.47577391693099,537865000
2023-07-21,44.27924728393555,45.83520487140858,44.07038798081477,45.757254315991084,963769000
2023-07-24,44.582054138183594,45.078722178579724,44.010439490522,44.70097374213304,382516000
2023-07-25,45.648338317871094,46.15199780648313,44.89284527281643,44.910834745468264,348081000
2023-07-26,45.421485900878906,46.02208416363541,44.60003914555011,45.99010415217063,364237000
2023-07-27,45.86918640136719,47.363181660556975,45.71928557953061,46.48777031512932,455976000
2023-07-28,46.71861267089844,46.99542712373659,46.34986093104817,46.63666699267924,331194000
2023-07-31,46.69762420654297,47.09835593359222,46.474774365410504,46.722608945308956,251055000
2023-08-01,46.475772857666016,46.86851053327996,45.996095610984916,46.42880353138704,237858000
2023-08-02,44.23927688598633,45.80922119475112,43.35786912941364,45.80022836613243,530142000
2023-08-03,44.485111236572266,45.08770701221157,43.77059114765512,43.77059114765512,324176000
2023-08-04,44.650001525878906,45.611353612769236,44.36319547208762,44.95479704956906,362666000
2023-08-07,45.38650894165039,45.509427463028686,44.53308218630117,45.08071461988879,322154000
2023-08-08,44.6340217590332,45.21163290512549,44.026428157512775,44.82289407361515,353843000
2023-08-09,42.52543640136719,44.282255761115316,42.10571634484622,44.24427925587865,586449000
2023-08-10,42.35955047607422,43.54475527906339,41.806920236191914,42.13170286485831,492705000
2023-08-11,40.827571868896484,41.989793111065566,40.611717275210765,41.72297025505574,533085000
2023-08-14,43.7236213684082,43.77059069571262,40.283934893491555,40.4588166311825,690286000
2023-08-15,43.910499572753906,45.23761094961256,43.68065444037462,44.53008608139681,676512000
2023-08-16,43.45680618286133,44.64500713653826,43.37685806021179,44.49011241407516,527451000
2023-08-17,43.31489562988281,44.03241198787511,42.97212364169227,43.94047471264944,452395000
2023-08-18,43.269927978515625,43.548739981442054,41.632028496640906,42.60637233743457,583768000
2023-08-21,46.93546676635742,47.03340054502666,44.192310747529035,44.464127494140655,692573000
2023-08-22,45.63734436035156,48.15465447351436,45.30257014594154,48.10268742699955,755293000
2023-08-23,47.08436965942383,47.168312899804924,45.17764965557936,45.8352088507009,779046000
2023-08-24,47.13134002685547,50.23225777788215,47.12734490764703,50.18229210282015,1156044000
2023-08-25,45.98710250854492,47.77290136689044,44.993766641790856,46.98043456316312,925341000
2023-08-28,46.80355453491211,46.94845764081992,44.85786313408847,46.45079089513967,685192000
2023-08-29,48.751243591308594,49.04804505027456,46.35984885447826,46.634665726138564,701397000
2023-08-30,49.230926513671875,49.89347960876958,48.39248907555187,49.011072990962134,735206000
2023-08-31,49.32186508178711,49.710603865788684,48.925132248027246,49.346849822900985,528570000
2023-09-01,48.4764289855957,49.76656254905315,48.10967481708851,49.728589862320376,463830000
2023-09-05,48.515403747558594,48.81820170710798,47.82786596593289,48.190621199909984,382653000
2023-09-06,47.03327941894531,48.52040187168578,46.55256375973415,48.4124675938394,468670000
2023-09-07,46.213768005371094,46.31670798515735,45.12540865832907,45.49819008210968,433330000
2023-09-08,45.5451545715332,46.57854589398362,45.24433318600193,45.914939369305465,473069000
2023-09-11,45.151390075683594,46.13580667584193,44.28589904966943,46.12081612132712,473966000
2023-09-12,44.843570709228516,45.64609914890966,44.50476967717587,44.711648487119994,349256000
2023-09-13,45.45820999145508,45.90294758191361,44.47678613148132,44.57372912057882,398355000
2023-09-14,45.55415344238281,45.959912533797855,45.104417736108495,45.92293557779265,370097000
2023-09-15,43.87413787841797,45.572134413088484,43.78218921317514,45.314286993054964,506831000
2023-09-18,43.940101623535156,44.21594002292978,41.97526008372968,42.722820575587484,500271000
2023-09-19,43.494361877441406,43.94009827513682,42.97666548704609,43.80717720782653,373064000
2023-09-20,42.21411895751953,43.877140298495235,42.1981295407641,43.57431736743093,367108000
2023-09-21,40.992835998535156,42.075198207915804,40.955859044978006,41.558504470242454,450736000
2023-09-22,41.58549118041992,42.09019478907558,41.206712805320656,41.54751155048687,479236000
2023-09-25,42.19712829589844,42.51094250359211,41.15274189436024,41.566499482257406,419091000
2023-09-26,41.88631057739258,42.7947755047386,41.63046086209198,41.97625771314318,402282000
2023-09-27,42.4429817199707,42.84674687562001,41.60447906383656,42.3050663366097,444935000
2023-09-28,43.063621520996094,43.42040969450895,42.09019617754693,42.43499038200629,424663000
2023-09-29,43.47338104248047,44.118001615800175,43.28149278229862,43.80118697658235,397830000
2023-10-02,44.75562286376953,45.148389111960235,43.83516394109358,44.00406311143919,433298000
2023-10-03,43.49135971069336,45.1034121671623,43.220519465209826,44.78159946799548,470850000
2023-10-04,44.01506042480469,44.117001536770516,43.266501033277635,43.71623674789107,361821000
2023-10-05,44.661678314208984,44.873555244834996,43.862150279908775,44.02405361077508,393483000
2023-10-06,45.735050201416016,45.76203472717015,44.000072531277134,44.166973996163335,434436000
2023-10-09,45.246337890625,45.578143110380815,44.34187205811662,44.815591947191656,409675000
2023-10-10,45.771018981933594,46.231745925219705,45.061438185078885,45.28330751838584,368582000
2023-10-11,46.7784309387207,46.83140112460815,46.02287570557261,46.16878961981402,378137000
2023-10-12,46.9173469543457,47.58095729211939,46.302711352295894,46.749446645978935,481325000
2023-10-13,45.4342155456543,47.08824310789531,45.25332242437659,46.93233297059444,474115000
2023-10-16,46.067848205566406,46.19776888197393,44.88554260061679,45.036454627581854,375099000
2023-10-17,43.9121208190918,44.72764209675683,42.45497937899436,43.97408457640043,812333000
2023-10-18,42.171142578125,43.19354257835518,41.80036274107,42.565910351376075,627294000
2023-10-19,42.07620620727539,43.27150096490334,41.85733341911429,42.78578713530396,501233000
2023-10-20,41.36262130737305,42.444983530451566,41.05380140770334,41.86532335952727,477266000
2023-10-23,42.949684143066406,43.2225259559653,40.92088113021431,41.204714237115766,478530000
2023-10-24,43.63727951049805,43.671259880071666,42.66585573528576,43.05162614435632,401463000
2023-10-25,41.75439453125,43.62429484406004,41.530527426974515,43.37244053929943,398379000
2023-10-26,40.30224609375,42.231109527965074,39.85650966502812,41.82834703800738,541001000
2023-10-27,40.47614288330078,41.181728284669475,39.99142796964453,41.105772840082615,416784000
2023-10-30,41.136756896972656,41.74140011545999,40.45715708839421,41.06280298137389,388028000
2023-10-31,40.755977630615234,40.85492215187982,39.20689140883778,40.42617399708402,517969000
2023-11-01,42.300071716308594,42.35603848881298,40.844928006293706,40.85991856143589,437593000
2023-11-02,43.480377197265625,43.85815292316833,42.868738129165685,43.302480629276204,409172000
2023-11-03,44.97848892211914,45.28230687928524,43.69724264528921,43.99406856905828,424610000
2023-11-06,45.72404861450195,45.907942145910646,44.87254931814996,45.25832352062085,400733000
2023-11-07,45.92793655395508,46.19077833519736,45.131405063982676,45.692075485560395,343165000
2023-11-08,46.546573638916016,46.83940035769066,45.94092770952664,46.07284994353558,346719000
2023-11-09,46.922340393066406,48.201585067164196,46.72245745962616,47.43903409699533,540496000
2023-11-10,48.30652618408203,48.443446517904555,47.25514775060462,47.47201897601796,421245000
2023-11-13,48.59135437011719,49.0870643467763,48.07066140972394,48.29153187815876,384136000
2023-11-14,49.626747131347656,49.804643679009864,49.01111268540679,49.65073506752464,416954000
2023-11-15,48.85920333862305,49.93057048121235,48.17160887491718,49.905587494765264,475497000
2023-11-16,49.45085906982422,49.495834550251864,48.30153863182137,48.65033211773849,339756000
2023-11-17,49.26896286010742,49.68771478002095,48.97813389873992,49.49482766776376,325205000
2023-11-20,50.379302978515625,50.51822102854622,49.1520257887824,49.28294913133964,414120000
2023-11-21,49.91457748413086,50.48723796925796,49.19300270316688,50.096469472210146,565747000
2023-11-22,48.68729782104492,50.305343443741435,47.66190132877574,49.82263011511019,899420000
2023-11-24,47.747859954833984,48.89218598438888,47.71687617098167,48.44145141892708,294645000
2023-11-27,48.21358108520508,48.50140962414012,47.62392850332251,47.771840126632874,395662000
2023-11-28,47.7928352355957,48.29454229996898,47.445040615243286,48.207591738655566,401491000
2023-11-29,48.11164855957031,48.73328389544531,47.831814678443656,48.350510033061155,382005000
2023-11-30,46.74245071411133,48.08166154319405,46.3946561295748,47.99570985279465,526247000
2023-12-01,46.737449645996094,47.17219475548985,46.15979103624818,46.49759316744436,369317000
2023-12-04,45.48318862915039,46.04985595451796,44.9834831764298,46.04985595451796,437543000
2023-12-05,46.542667388916016,46.57664693505586,45.24831433854384,45.44321631785002,371718000
2023-12-06,45.480194091796875,47.36325259148531,45.389240093841764,47.19133790635441,380590000
2023-12-07,46.57264709472656,46.605631500937335,45.58114369836872,45.67709625491712,350823000
2023-12-08,47.4821891784668,47.71707199991906,46.526667071393376,46.57164649877913,359224000
2023-12-11,46.60363006591797,47.50717632201845,45.80703244000096,47.46719926720655,509728000
2023-12-12,47.633113861083984,47.642108221332236,46.02292129903264,46.02292129903264,372387000
2023-12-13,48.06390380859375,48.5696507647958,47.584144799570055,47.60513418472511,447792000
2023-12-14,48.325767517089844,48.64560684171551,47.39823500078961,48.36574838586443,391232000
2023-12-15,48.86549758911133,49.379239930936926,48.095883026170014,48.16984725179435,479948000
2023-12-18,50.051902770996094,50.40772334929845,49.12536921258584,49.37524392106738,412587000
2023-12-19,49.579139709472656,49.67509226753452,48.870495409966274,49.39922961630302,464444000
2023-12-20,48.086883544921875,49.97393763852956,48.07388957337245,49.63010830567033,397894000
2023-12-21,48.96544647216797,49.07039338559571,48.39472971516772,48.78653533808319,300425000
2023-12-22,48.80552673339844,49.358247143122306,48.442705904447216,49.17034164902082,252507000
2023-12-26,49.25429916381836,49.575137414585996,48.93545881250647,48.94345422311468,244200000
2023-12-27,49.39223861694336,49.65510732450741,49.06040423894506,49.48619328583106,233648000
2023-12-28,49.4971809387207,49.85899903094536,49.38723545621996,49.61812249458572,246587000
2023-12-29,49.4971809387207,49.97194517562977,48.726567424201626,49.78803546733378,389293000
2024-01-02,48.143856048583984,49.27029006493009,47.57114520519551,49.21931693922932,411254000
2024-01-03,47.54515838623047,48.159848009515486,47.29628263742881,47.461200853543446,320896000
2024-01-04,47.97394561767578,48.47569292887805,47.48418951664503,47.74305858328899,306535000
2024-01-05,49.072391510009766,49.522166721608514,48.281787612444646,48.43771146509866,415039000
2024-01-08,52.226810455322266,52.248802601709635,49.45420245341726,49.48718686021287,642510000
2024-01-09,53.11336898803711,54.29777651370217,51.66409487363166,52.37474091414494,773100000
2024-01-10,54.32276153564453,54.57263625073542,53.462192955866946,53.58913202583644,533796000
2024-01-11,54.794525146484375,55.3182646237258,53.53316035979794,54.971438397001265,596759000
2024-01-12,54.68257522583008,54.942447033748536,54.30276844931097,54.59262018659447,352994000
2024-01-16,56.35374450683594,56.80651660434578,54.87248875685251,54.990429652443055,449580000
2024-01-17,56.02490997314453,56.442699756892196,54.71256826860131,56.318761351488625,474394000
2024-01-18,57.07838439941406,57.57113740723664,56.0788854596163,57.23130761519397,491650000
2024-01-19,59.461185455322266,59.470179816121735,57.19631847450879,57.95993551231964,543501000
2024-01-22,59.62409973144531,60.30076235969842,59.04039280818686,60.01890220827391,452955000
2024-01-23,59.842994689941406,59.879974896146315,58.555638180668645,59.54014514062131,294654000
2024-01-24,61.33124542236328,62.81749966312902,59.90795933203634,60.27377702467032,560271000
2024-01-25,61.586116790771484,62.687565633845296,60.81949912329837,62.3187472904737,482777000
2024-01-26,61.00041198730469,61.75203783033358,60.54264514796327,60.92944842366768,390309000
2024-01-29,62.433692932128906,62.45767916479008,60.8764751379027,61.20130919891072,348733000
2024-01-30,62.742530822753906,63.461172170559415,62.22878854239817,62.868470925041464,410735000
2024-01-31,61.49616622924805,62.23779495619412,60.66958101504,61.40920802958089,453795000
2024-02-01,62.99541473388672,63.159334010145514,61.61910590922887,62.06887734355602,369146000
2024-02-02,66.12684631347656,66.56662061369005,63.658079168244704,63.94193723275367,476578000
2024-02-05,69.2972640991211,69.46218234609371,67.17133086411414,68.19081646972332,680078000
2024-02-06,68.18881225585938,69.71904328530657,66.26677937017486,69.59510487406826,683111000
2024-02-07,70.06385803222656,70.1847995704641,67.56611024482635,68.28475157553528,495575000
2024-02-08,69.60608673095703,70.75850859222243,69.42018296485597,70.03886831926252,414422000
2024-02-09,72.09686279296875,72.14883106624032,70.17682001570536,70.49765833259872,436637000
2024-02-12,72.21178436279297,74.57359879264203,71.21428354571269,72.5636052877806,613710000
2024-02-13,72.09185791015625,73.41319410596859,69.58511896051495,70.36472691376362,602580000
2024-02-14,73.86296844482422,74.19879860297466,71.90195366370614,73.1653201816801,504917000
2024-02-15,72.62157440185547,73.93791554498753,72.36370812701128,73.83197350109086,420122000
2024-02-16,72.57659912109375,74.36470378549747,72.46465575310286,74.06285322156347,495327000
2024-02-20,69.41719055175781,71.91993322160957,67.70004938381788,71.91093504867314,704833000
2024-02-21,67.43818664550781,68.85347738557593,66.21480102707116,67.97191561607241,673755000
2024-02-22,78.49864959716797,78.53562599449027,74.18281239029882,74.98740934032327,865100000
2024-02-23,78.77750396728516,82.35270728551444,77.53112722629109,80.74951481547919,829388000
2024-02-26,79.0523681640625,80.60559027528652,78.46565670997347,79.66005756473585,503973000
2024-02-27,78.66155242919922,79.44016895851776,77.12332991849851,79.34121192660028,391705000
2024-02-28,77.62407684326172,78.89343695625473,77.08634447899664,77.5810991271791,393110000
2024-02-29,79.07234954833984,79.94990785839042,78.31073041631178,79.05436082688792,507289000
2024-03-01,82.23776245117188,82.25875564759677,79.39518604793354,79.95990531943471,479135000
2024-03-04,85.19427490234375,87.65104302544864,83.67703804923654,84.08782752325428,615616000
2024-03-05,85.9249496459961,86.05789246708638,83.37910949267872,85.23126463609206,520639000
2024-03-06,88.65970611572266,89.68324305114874,86.99046652196165,87.98202031125847,582520000
2024-03-07,92.62689971923828,92.7248547713437,89.56129169773,90.11703886606277,608119000
2024-03-08,87.48823547363281,97.35575222228928,86.46669660091352,95.09477882297772,1142269000
2024-03-11,85.73503112792969,88.75665264185574,84.1277600056999,86.38973231212468,678364000
2024-03-12,91.87125396728516,91.9182296909345,86.11087110664366,88.00901063110172,668075000
2024-03-13,90.84671020507812,91.4624276728691,88.39482167096672,91.01363415420467,635713000
2024-03-14,87.90404510498047,90.60482099682989,86.56065394827854,89.53630642599725,602318000
2024-03-15,87.79710388183594,89.50532731640718,86.21782728727133,86.89051814443762,642086000
2024-03-18,88.41481018066406,92.3630123531095,87.04542992766956,90.34693053361582,668976000
2024-03-19,89.35739135742188,90.50286685393166,84.97138422754449,86.66061131736247,672171000
2024-03-20,90.33094787597656,90.36893262675873,88.18292203943432,89.7562045087411,479063000
2024-03-21,91.3934555053711,92.60590946151324,90.3639246898217,92.25806799689252,480372000
2024-03-22,94.24617004394531,94.73494632617268,90.79273767099636,91.0995974210595,586719000
2024-03-25,94.95883178710938,96.7220301978138,93.46751295712747,93.8983168748369,552136000
2024-03-26,92.51895141601562,96.33122190575376,92.45998010784325,95.80745785714453,513648000
2024-03-27,90.20899963378906,93.1976391484463,89.08251272541551,93.06969894575073,586067000
2024-03-28,90.31494903564453,91.25852036781959,89.15247543816959,89.95910797996004,435212000
2024-04-01,90.32194519042969,92.18309875741171,89.16347516442184,90.25797890351257,452441000
2024-04-02,89.41136169433594,90.0530682986896,87.5801933164325,88.40781242384669,433064000
2024-04-03,88.923583984375,90.33294713635686,88.3598448243253,88.44380630032965,370067000
2024-04-04,85.865966796875,90.59282202260623,85.84097663074387,90.36492116364104,434965000
2024-04-05,87.968017578125,88.44080224771263,85.88696278429457,86.82653051798945,399678000
2024-04-08,87.09341430664062,88.78964187058105,86.69259552509367,88.65969605555898,283220000
2024-04-09,85.3152084350586,87.59517772557601,82.98427507127602,87.40226463843116,501700000
2024-04-10,86.99945831298828,87.36029436616496,83.67096935278308,83.88787363370758,431929000
2024-04-11,90.5748291015625,90.69777431894295,86.88651070979101,87.3802819466206,431637000
2024-04-12,88.14592742919922,90.13402971553248,87.490227268918,89.6582404467223,426805000
2024-04-15,85.96192932128906,90.57183360831459,85.88996343395554,89.05752248069292,443077000
2024-04-16,87.37528991699219,88.07796585968008,86.02490572525448,86.39373376393459,370453000
2024-04-17,83.996826171875,88.73467063272588,83.91185807695048,88.29986306960333,495400000
2024-04-18,84.63253784179688,86.15085269192379,82.3645712871811,84.93140562762866,447260000
2024-04-19,76.16539001464844,84.28570097395453,75.57166564195786,83.11223818340684,875198000
2024-04-22,79.48187255859375,80.03662072603697,76.36529285459991,78.0685134774025,596341000
2024-04-23,82.38555908203125,82.7314025960764,80.22754314018754,80.73231101825336,438559000
2024-04-24,79.64080810546875,84.04380588258387,79.14702921409854,83.91186206206669,512208000
2024-04-25,82.59446716308594,83.28514753299602,78.18746579696108,78.83216944223621,424641000
2024-04-26,87.69515228271484,88.29088225677599,83.34912752628662,83.77993152652552,551011000
2024-04-29,87.7171401977539,87.95202643323648,85.22726679197825,87.55521122388173,388971000
2024-04-30,86.36275482177734,88.77865678653,86.26080377564183,87.20037162224358,363709000
2024-05-01,83.00326538085938,85.96092040406639,81.21807385271738,85.0383433055248,559863000
2024-05-02,85.77801513671875,86.19782250273573,83.16219963332766,84.41063276835533,377898000
2024-05-03,88.74866485595703,89.24043810826264,87.00045887297132,87.74911915331617,398341000
2024-05-06,92.09813690185547,92.17810238522513,89.01453944248995,89.34938632493116,376203000
2024-05-07,90.51286315917969,91.73930312313776,88.97056485934608,91.05661474475471,437342000
2024-05-08,90.37093353271484,91.15257599630715,89.37937974936176,89.44235467047578,325721000
2024-05-09,88.7066879272461,91.03062873527097,88.1909234816851,90.4878761275282,378013000
2024-05-10,89.83717346191406,91.35948429960405,89.18646818667818,90.26398145980926,335325000
2024-05-13,90.35794067382812,90.95666761749975,88.4887873274781,90.43689954348851,289680000
2024-05-14,91.31450653076172,91.60937070385219,88.89360196869727,89.55830082348145,296507000
2024-05-15,94.5870132446289,94.81891011999194,91.55739179218557,92.42999634545237,417735000
2024-05-16,94.31613159179688,95.77546736350578,94.06024356723809,94.86688376052464,323952000
2024-05-17,92.4369888305664,94.69696338532674,91.7642980099601,94.32613733717375,359691000
2024-05-20,94.7369384765625,95.15674583258804,93.39755092373957,93.70740764472103,318764000
2024-05-21,95.3426742553711,95.35666783512194,93.1376750090188,93.55648340484242,328946000
2024-05-22,94.90686798095703,95.97638165173369,93.20664422258311,95.41563946312446,548648000
2024-05-23,103.75184631347656,106.27169708469262,101.47387473907386,101.98164718121453,835065000
2024-05-24,106.4206314086914,106.42662538840617,102.95320565484818,104.40154485251333,429494000
2024-05-28,113.84925079345703,114.88678119811563,109.83307860304417,110.19391464603646,652728000
2024-05-29,114.77283477783203,115.4395315931238,110.85062138095752,112.99864721739439,557442000
2024-05-30,110.44979095458984,115.76637434873233,109.61317328431451,114.5979068006944,484553000
2024-05-31,109.58319854736328,112.66579716472957,106.89142114521177,112.46888043622216,613263000
2024-06-03,114.94775390625,114.94775390625,111.95211383768398,113.56938260132851,438392000
2024-06-04,116.38410949707031,116.547037473925,113.99319767795535,115.66344393803814,403324000
2024-06-05,122.38438415527344,122.39337512542777,117.41464256080789,118.31723225166974,528402000
2024-06-06,120.94303894042969,125.5299513206976,118.26625399255828,123.99164893221229,664696000
2024-06-07,120.83309173583984,121.63672740368239,117.96839619109423,119.71559570112827,412386000
2024-06-10,121.73467254638672,123.04407498199869,116.95684528802722,120.31531947295237,313434100
2024-06-11,120.86500549316406,122.8242751394822,118.6958072896019,121.7246784169854,222551200
2024-06-12,125.15340423583984,126.83277933516129,122.52438572610106,123.01420123899119,299595000
2024-06-13,129.56175231933594,129.7516840309139,127.11266740076113,129.34183299573078,260704500
2024-06-14,131.8309326171875,132.7905668615139,128.27225972601377,129.9116488754234,309320400
2024-06-17,130.93125915527344,133.68023590303568,129.53178618492996,132.94052101290185,288504400
2024-06-18,135.529541015625,136.2792618770274,130.64136160940566,131.09119107562512,294335100
2024-06-20,130.73133850097656,140.70762089792785,129.47181280958608,139.74798663394793,517768400
2024-06-21,126.52289581298828,130.5813900425734,124.25374396453276,127.07269417738873,649445800
2024-06-24,118.06604766845703,124.41368308176598,117.99607402301477,123.1941358670106,476060900
2024-06-25,126.04305267333984,126.45290368991874,119.27557651929439,121.15487384438352,414192600
2024-06-26,126.35296630859375,128.07231986611026,122.5543772913855,126.08306250851786,362975900
2024-06-27,123.94385528564453,126.36296048467365,122.87425378862146,124.05381495953473,252571700
2024-06-28,123.49402618408203,127.66247251115811,122.70431926304767,124.53364006899224,315516700
2024-07-01,124.25373840332031,124.79353070313833,118.78577312531401,123.42404550019782,284885500
2024-07-02,122.62435150146484,123.3640816315802,120.9849623711131,121.08492363485541,218374000
2024-07-03,128.2322540283203,128.2322540283203,121.31483142526585,121.61472281837746,215749000
2024-07-05,125.78317260742188,128.80205294716893,125.63322690650442,127.33259117942191,214176700
2024-07-08,128.15228271484375,130.72133351853034,126.99271841631584,127.44254788203128,237677300
2024-07-09,131.33111572265625,133.77021018974597,128.60212062869667,130.30150022676182,285366600
2024-07-10,134.85980224609375,135.0497339856147,132.37072330988062,133.98012482225403,248978600
2024-07-11,127.35260009765625,136.09933687854166,127.00273184666977,135.69949180687476,374782700
2024-07-12,129.19190979003906,131.87090512655513,127.17265724708656,128.21226350748265,252680500
2024-07-15,128.39219665527344,131.34109560506872,127.13266349593106,130.51140270339172,208326200
2024-07-16,126.3129653930664,128.99196049020554,124.53362918601508,128.39219298118343,214769500
2024-07-17,117.94608306884766,121.80464702237855,116.67655910688254,121.30483311779221,390086200
2024-07-18,121.04492950439453,122.35444713942657,116.51661668353269,121.80464878579994,320979500
2024-07-19,117.88611602783203,121.55474851190428,117.32632685631629,120.30521366365987,217223800
2024-07-22,123.49402618408203,124.02382772725001,119.81539537076715,120.30521088452835,258068900
2024-07-23,122.54437255859375,124.64359711208203,122.05455705517221,122.73430428762777,173911000
2024-07-24,114.20747375488281,119.90534904476712,113.39777769436101,119.12564059736765,327776900
2024-07-25,112.23820495605469,116.5865842364698,106.26043515376628,112.99792419777776,460067000
2024-07-26,113.01791381835938,116.15674442221705,111.53846898200278,116.14675363558489,293399100
2024-07-29,111.54845428466797,116.23671076015049,111.25856895549296,113.64767861053163,248152100
2024-07-30,103.69139099121094,111.94831080491622,102.50183151527264,111.4784845370564,486833300
2024-07-31,116.9764404296875,118.29594880516444,110.83872641972829,112.85797882293917,473174200
2024-08-01,109.16935729980469,120.11528690507727,106.77024891874801,117.4862607613273,523462300
2024-08-02,107.23006439208984,108.67952919207649,101.3322668230447,103.72137651325762,482027500
2024-08-05,100.41261291503906,103.37151801623692,90.65625074239716,92.02573599453234,552842400
2024-08-06,104.2112045288086,107.66991601333109,100.51258449303656,103.8013534449751,409012100
2024-08-07,98.8731918334961,108.75951041282163,98.65327249174283,107.76987337493198,411440400
2024-08-08,104.9309310913086,105.46073260357065,97.48369942630838,101.9620353134048,391910000
2024-08-09,104.71102142333984,106.5603314935722,103.39151291428456,105.60068963485523,290844200
2024-08-12,108.97942352294922,111.02866364109283,106.22045618169847,106.28043141146973,325559900
2024-08-13,116.09677124023438,116.18674170739067,111.53847094577725,112.3981514576694,312646700
2024-08-14,118.03604888916016,118.55585197377565,114.02753939679958,118.48587833495135,339246400
2024-08-15,122.81427764892578,123.1941334844724,117.42628417440801,118.71580500966671,318086700
2024-08-16,124.53363037109375,124.95347220733727,121.13489440174322,121.89461364819915,302589900
2024-08-19,129.9516143798828,129.9516143798828,123.37406160628171,124.23374212691918,318333600
2024-08-20,127.20263671875,129.83166269656482,125.8431423095097,128.35220257999387,300087400
2024-08-21,128.45217895507812,129.30186873034427,126.61286736853016,127.27261778490315,257883600
2024-08-22,123.69395446777344,130.70134819678017,123.05419322056757,129.97162409913395,376189100
2024-08-23,129.32183837890625,129.5517637458536,125.1733892777955,125.81315043381734,323230300
2024-08-26,126.41293334960938,131.2111423152786,124.32371486411647,129.5217841101186,331964700
2024-08-27,128.25225830078125,129.15191727923408,123.83389733541988,125.00346773520825,303134600
2024-08-28,125.5632553100586,128.28224429229948,122.59435936439931,128.0723157316594,448101100
2024-08-29,117.54623413085938,124.38369252727087,116.66656437657561,121.31483536128766,453023300
2024-08-30,119.32557678222656,121.70468827145996,117.17637542296369,119.48551326917712,333751600
2024-09-03,107.95980072021484,116.1667439153335,107.25006590844444,115.96682140906611,477155100
2024-09-04,106.17046356201172,113.22783311293709,104.08124520263415,105.37076592928464,372470300
2024-09-05,107.17009735107422,109.60919166518133,104.72101224991617,104.95092237696757,306850700
2024-09-06,102.79173278808594,108.10975260064535,100.9124275647732,107.99979292793853,413638100
2024-09-09,106.43037414550781,106.5103462006769,103.65141005409866,104.8409619618805,273912000
2024-09-10,108.05976104736328,109.3592802066297,104.910932028029,107.7698680771714,268283700
2024-09-11,116.86648559570312,117.14638014948389,107.38001262051282,109.3492805366119,441422400
2024-09-12,119.10585021972656,120.75537880467239,115.34692581517743,116.80650641923144,366052700
2024-09-13,119.06586456298828,119.9256186982367,117.56629446111889,119.04587365093487,238358300
2024-09-16,116.74652099609375,118.14612117800917,114.32721657757573,116.75652026497235,248772300
2024-09-17,115.5568618774414,118.76594842655497,114.7970852268969,118.13612413784692,231925900
2024-09-18,113.3375015258789,117.66625439302568,113.18754300284537,115.85677572945441,310318900
2024-09-19,117.83621215820312,119.62569992209964,117.21638715198857,117.31635695887289,293506400
2024-09-20,115.96675109863281,118.58600287786223,115.35692533181683,117.02644483175867,382462400
2024-09-23,116.22667694091797,116.9564634197924,114.82707671663402,116.51659472951452,206228500
2024-09-24,120.83535766601562,121.76509140434464,115.34692577819862,116.48659840876869,354966800
2024-09-25,123.47459411621094,124.90418446690079,121.57513728542474,121.98501577990396,284692900
2024-09-26,124.00444030761719,127.63339688941237,121.76508462125145,126.76365118817954,302582900
2024-09-27,121.36520385742188,123.99444725769884,119.22581786965418,123.93446689659378,271009200
2024-09-30,121.40518951416016,121.46516987339125,118.11613173565692,118.27608190267567,226553700
2024-10-01,116.9664535522461,122.40489622649267,115.7568014008595,121.73508253340503,302094500
2024-10-02,118.81593322753906,119.34578009653441,115.10699751736388,116.40662795721522,221845900
2024-10-03,122.81478118896484,124.3243504544059,120.30549859251518,120.88533415502995,277118000
2024-10-04,124.88418579101562,125.00415413490973,121.79507530101387,124.90418432860164,243678100
2024-10-07,127.68339538574219,130.6025566538886,124.91418502432315,124.95417447518639,346250200
2024-10-08,132.85189819335938,133.44172537204778,129.38289186465897,130.2226473652744,285722500
2024-10-09,132.61196899414062,134.48144332062452,131.34234403030248,134.0715571884807,246191600
2024-10-10,134.7713623046875,134.96131029321415,130.9624566548967,131.87219951867377,242311300
2024-10-11,134.76136779785156,135.74108264717918,133.62169514533127,133.97158567859756,170209500
2024-10-14,138.0304412841797,139.56000161928338,136.26094423310064,136.43089368651033,232347700
2024-10-15,131.56228637695312,138.53028982768672,128.70310551155586,137.8304782609884,377831000
2024-10-16,135.68109130859375,136.58082718354044,131.54227882589296,133.9415846620271,264879700
2024-10-17,136.8907470703125,140.84961880375567,136.83076670766295,139.30005999950754,306435900
2024-10-18,137.96043395996094,138.86016981880368,137.24063917112105,138.63024003343975,176090200
2024-10-21,143.66880798339844,143.66880798339844,137.96043821210023,138.090405825162,264554500
2024-10-22,143.54884338378906,144.37860733596548,141.73936457126644,142.86904559419827,226311600
2024-10-23,139.51998901367188,142.3891613712536,137.42060018656866,141.9892821435429,285930000
2024-10-24,140.3697509765625,141.30948393843238,138.42031305269128,140.77963709898057,172354900
2024-10-25,141.49942016601562,144.0886893234089,140.7596420534019,140.88959441527413,205122100
2024-10-28,140.479736328125,143.09898064959424,140.00986979275078,142.95902137870084,173586700
2024-10-29,141.20950317382812,142.2192081120129,138.86017082456863,140.2497716969522,157593600
2024-10-30,139.300048828125,140.28977049571748,136.77077537646986,139.49998843906093,179418100
2024-10-31,132.72193908691406,137.57055494467397,132.07213151004177,137.56056330274592,270039600
2024-11-01,135.36119079589844,137.2706470867555,134.53144208222884,134.6613944536623,207127800
2024-11-04,136.01100158691406,138.9201710380497,135.53114345978716,137.17067271068436,187528200
2024-11-05,139.86988830566406,140.32974787080795,137.29062621937655,137.41058693125512,160537400
2024-11-06,145.56826782226562,146.44802048986534,141.91932003814412,142.91903343153805,242043900
2024-11-07,148.8373260498047,148.8872995129736,146.12809620267714,146.34803435651398,207323300
2024-11-08,147.58766174316406,149.72704733961325,146.21804431265082,148.72733415894703,175665800
2024-11-11,145.21835327148438,148.80733573059373,143.52885055228916,148.6373710400852,182325600
2024-11-12,148.24746704101562,149.60707763368606,145.96812211424654,146.73790556674717,198634700
2024-11-13,146.22808837890625,149.2872090486766,145.85818403502842,149.02728904721945,191903300
2024-11-14,146.71792602539062,148.95728942511607,145.50828141212895,147.59767865642831,194463300
2024-11-15,141.9392852783203,145.19836028928967,140.03983617411208,144.8284560077565,250132900
2024-11-18,140.10980224609375,141.50940991238423,137.1106625740026,139.45999475223928,221205300
2024-11-19,146.9678497314453,147.08782570288798,140.94958652618317,141.2794937524248,227834900
2024-11-20,145.84817504882812,147.5176944558783,142.68907730947365,147.36774356025674,309871700
2024-11-21,146.62796020507812,152.84617867409492,140.65967008206871,149.30720000657334,400946600
2024-11-22,141.9093017578125,147.11781483152527,141.05955459424152,145.88815647311117,236406200
2024-11-25,135.9810028076172,142.0092725854583,135.78106320516017,141.9492922301626,344941900
2024-11-26,136.88075256347656,139.26007526155422,135.63111085304342,137.66052777043362,190287700
2024-11-27,135.3011932373047,137.18065910710888,131.76221489663718,134.97128602051475,226370900
2024-11-29,138.2103729248047,139.31006372977,136.0110065692894,136.74079305563075,141863200
2024-12-02,138.59027099609375,140.40974141861778,137.7805055975671,138.79021062156448,171682800
2024-12-03,140.2198028564453,140.4997214017946,137.91046723010535,138.22037595856943,164414000
2024-12-04,145.098388671875,145.7481962192296,140.24977303436475,141.95928950014692,231224300
2024-12-05,145.02841186523438,146.50808533514203,143.91865294893697,145.0784040292141,172621200
2024-12-06,142.40899658203125,145.66828146425675,141.27923767487087,144.56853006182772,188505600
2024-12-09,138.77975463867188,139.91950565348523,137.1001279875636,138.93972344033872,189308600
2024-12-10,135.04058837890625,141.78911819403848,133.76085313448985,138.97971741196267,210020900
2024-12-11,139.27964782714844,140.1394610798945,135.18055019628483,137.33007570041752,184905200
2024-12-12,137.31008911132812,138.4098556769623,135.77043117490655,137.05015122102654,159211400
2024-12-13,134.22076416015625,139.56960518418134,132.51112983721956,138.90974525213795,231514900
2024-12-16,131.9712371826172,134.37070812011547,130.39157963416955,134.1507548377073,237951100
2024-12-17,130.36160278320312,131.5613383936032,126.8323727744144,129.06188284882555,259410300
2024-12-18,128.88192749023438,136.67022414162827,128.2520598203989,133.83084634553458,277444500
2024-12-19,130.65151977539062,134.0007959707685,129.52177635647746,131.7312862928068,209719200
2024-12-20,134.670654296875,135.25052978203578,128.19207015255643,129.7817201303188,306528600
2024-12-23,139.6395721435547,139.75954112073697,135.09056027465786,136.25031123897003,176053500
2024-12-24,140.18946838378906,141.8690952419841,138.61980292789985,139.9695150682445,105157000
2024-12-26,139.89952087402344,140.81933395538283,137.70000300728188,139.6695752314167,116205600
2024-12-27,136.9801483154297,138.98972022149263,134.68066155069724,138.5198213856297,170582600
2024-12-30,137.46005249023438,140.23944563051566,133.99080722961983,134.80062832550155,167734700
2024-12-31,134.26075744628906,138.0399485497518,133.80086613446198,137.99994871496077,155659200
2025-01-02,138.27987670898438,138.84975989825128,134.60068545398187,135.97038221662075,198247200
2025-01-03,144.43853759765625,144.86843662681642,139.69956441393234,139.97950221326124,229322500
2025-01-06,149.39744567871094,152.12686204773377,147.78781099429082,148.55763229845726,265377400
2025-01-07,140.10946655273438,153.09664186378797,139.97948999458222,152.99665754898407,351782200
2025-01-08,140.07948303222656,143.91864297451565,137.5300354006173,142.54894625810496,227349900
2025-01-10,135.8804168701172,139.88953842521914,134.19078233209814,137.42007490895548,207602500
2025-01-13,133.20098876953125,133.46094192558937,129.4817974709377,129.96170394882952,204808900
2025-01-14,131.73129272460938,136.35029670610186,130.021673763493,136.02036676060487,195590500
2025-01-15,136.21034240722656,136.42028814155947,131.26140794998662,133.6208947252083,185217300
2025-01-16,133.54090881347656,138.7197730168145,133.46092441099125,138.6097963703303,209235600
2025-01-17,137.6800079345703,138.46982912838536,135.4304980750839,136.66022586007293,201188800
2025-01-21,140.79933166503906,141.79911388356058,137.0601406758009,139.1296971907641,197749000
2025-01-22,147.03799438476562,147.7578236263026,143.63872531436203,144.6285153116103,237651400
2025-01-23,147.1879425048828,147.19793483530896,143.68870466698334,145.0184168760411,155915500
2025-01-24,142.58892822265625,148.93755110518853,141.8490991802554,148.3376757009225,234657600
2025-01-27,118.39421081542969,128.3720332810038,116.67458414531102,124.77282637681094,818830900
2025-01-28,128.9619140625,128.97190639273322,116.22468308647471,121.78346978934897,579666400
2025-01-29,123.67305755615234,126.86236527865272,120.02385855553806,126.47245082309266,467120600
2025-01-30,124.62285614013672,124.97277839409357,118.07427950119299,123.07319063695674,392925500
2025-01-31,120.04385375976562,127.8221583994493,119.16404813082586,123.75304497053646,388161100
2025-02-03,116.63459777832031,118.54417785753162,112.98539113939225,114.72501007137596,371235700
2025-02-04,118.62416076660156,121.17360082598954,116.67458088005824,116.93452639047727,256550000
2025-02-05,124.80281066894531,124.97277180794829,120.73369752398783,121.73347969845142,262230800
2025-02-06,128.65196228027344,128.74195426970414,125.18272455855072,127.39224223836113,251483600
2025-02-07,129.8117218017578,130.34160516615898,124.97277944303538,129.19186169746956,228186300
2025-02-10,133.54090881347656,134.97058996230598,129.93169464945112,130.06165595495793,216989100
2025-02-11,132.77108764648438,134.45071452657314,130.991476437857,132.55113432807275,178902400
2025-02-12,131.11143493652344,132.21120144058102,129.05188607934784,129.9916837727306,160278600
2025-02-13,135.26052856445312,136.4702717517269,131.1414307383845,131.53134519031366,197430000
2025-02-14,138.81976318359375,139.21966995740726,135.47048674490975,136.45026901957874,195479600
2025-02-18,139.36964416503906,143.408773131914,137.89996298841217,141.239247408195,219176600
2025-02-19,139.19967651367188,141.32921755912488,137.1901197103136,139.47961431944915,167536000
2025-02-20,140.07948303222656,140.62936628696042,136.7601988439899,139.9994986264957,143903600
2025-02-21,134.4007110595703,141.42919381606555,134.00080428998024,140.00948969645043,228217600
2025-02-24,130.2516326904297,138.55982089892026,130.05167928786804,136.53026411475935,251381100
2025-02-25,126.6024169921875,130.17163913409132,124.4128991653319,129.9516858300846,271428700
2025-02-26,131.2514190673828,133.7008826502409,128.46203316398234,129.96170661334043,322553800
2025-02-27,120.12383270263672,134.98058915821082,119.98386380503352,134.9705968281912,443175800
2025-02-28,124.89279174804688,125.06275289296238,116.37465068149442,117.99429297871988,389091100
2025-03-03,114.03515625,123.67305612882248,112.25554513947324,123.48310269608358,411381400
2025-03-04,115.96473693847656,119.28401358591904,110.0860202624711,110.62590357369604,398163300
2025-03-05,117.27445220947266,118.25423446970035,114.48505902516025,117.55438999810913,284337900
2025-03-06,110.5459213256836,115.32487918451908,110.1959990692751,113.50527582346177,321181900
2025-03-07,112.66545867919922,113.45528753337068,107.53657110597264,111.22576986878714,341755500
2025-03-10,106.95670318603516,111.82563762164718,105.43702996945572,109.87606538139453,366487400
2025-03-11,108.73631286621094,112.2155506077548,104.74717644545998,106.96669412251354,354865700
2025-03-12,115.7254409790039,116.74531696319002,112.8658000774832,114.10564961231475,323857500
2025-03-13,115.56546020507812,117.74518623487266,113.77568449740161,117.01527472285696,299033100
2025-03-14,121.65469360351562,121.86466627272753,118.13513973204245,118.59508095437823,277593500
2025-03-17,119.51496124267578,122.87453914631989,118.01514995099303,122.72455649146468,255501500
2025-03-18,115.41547393798828,119.00501849033903,114.52558655092061,117.98515020944649,299686900
2025-03-19,117.50521087646484,120.43484254394583,115.6654460375291,117.2552423301898,273426200
2025-03-20,118.51508331298828,120.18487133427746,116.4553449784264,116.53533674228605,248829700
2025-03-21,117.68518829345703,117.97515272195331,115.40547637665556,116.92528940681295,266498500
2025-03-24,121.39472961425781,122.20462527069279,119.32498270837338,119.86491568880827,228452500
2025-03-25,120.67481994628906,121.27474294212928,118.90503833586045,120.53483816820751,167447200
2025-03-26,113.74568939208984,118.82504445296345,112.69581844673802,118.7150653108018,293463300
2025-03-27,111.41598510742188,114.43560190798578,110.64608531130148,111.33599333866172,236902100
2025-03-28,109.65620422363281,112.85580631482036,109.05628121542107,111.47597500465491,229872500
2025-03-31,108.36636352539062,110.94604080353734,103.63696281055644,105.11677236112796,299212700
2025-04-01,110.13613891601562,110.18612804634962,106.45660174663486,108.5063391727533,222614000
2025-04-02,110.4061050415039,111.96591394846298,106.77656451707789,107.27650160670082,220601200
2025-04-03,101.78719329833984,105.61670556208404,101.58721388778805,103.49697720927654,338769400
2025-04-04,94.29813385009766,100.11740141914926,92.09841365005991,98.89756129670621,532273800
2025-04-07,97.6277084350586,101.73719167720878,86.60909899272106,87.44898959160196,611041300
2025-04-08,96.28788757324219,105.83668151314755,94.448115096381,103.79693724960859,476243400
2025-04-09,114.31561279296875,115.08551252786717,97.51772411084168,98.8775535578917,612918300
2025-04-10,107.55646514892578,110.84605211383005,99.13752639108027,109.3562417228181,437812400
2025-04-11,110.9160385131836,111.53596322542542,107.46647578597839,108.4863440509602,313417300
2025-04-14,110.6960678100586,114.27561914894163,109.0562747909433,114.09564149423704,264705000
2025-04-15,112.18588256835938,113.6057097347757,110.48609947397975,110.95604157012,228966900
2025-04-16,104.47685241699219,106.776566115048,100.43735975697352,104.53685005598037,397016900
2025-04-17,101.47722625732422,104.45685460754896,100.03741265575106,104.43685285244638,292517500
2025-04-21,96.89781188964844,99.42749238220217,95.02804439894429,98.75757087400713,288501100
2025-04-22,98.87755584716797,99.79743825075411,97.26775782667495,98.7675690784311,241004800
2025-04-23,102.69707489013672,104.78681586825162,102.0071592730487,104.50684469329865,247526000
2025-04-24,106.4166030883789,106.52658985205171,103.09702130913817,103.4669774804407,220815000
2025-04-25,110.99604034423828,111.90592192622726,105.71670563343305,106.83655988818872,251064700
2025-04-28,108.71631622314453,110.35610916663857,106.0066506499314,109.67619446115806,207708500
2025-04-29,109.00627899169922,110.18613082106049,107.42648359585715,107.65645038374015,170444300
2025-04-30,108.90629577636719,108.90629577636719,104.06690832142748,104.45685864823317,235044600
2025-05-01,111.59595489501953,114.92553765737502,111.28599634849851,113.06577112138011,236121500
2025-05-02,114.485595703125,115.38548400726445,113.35574060530446,114.1656362648126,190194800
2025-05-05,113.80567932128906,114.65557085202862,112.64582923459892,112.89579778060671,133163200
2025-05-06,113.52571868896484,114.72556468927546,110.8060596179303,111.46598025800552,158525600
2025-05-07,117.04527282714844,117.66519758488604,112.2658753138673,113.03578272910664,206758800
2025-05-08,117.35523986816406,118.66507265437788,115.83542678286972,118.23512643493164,198428100
2025-05-09,116.63532257080078,118.21512557823269,115.19550133583151,117.33523143311392,132972200
2025-05-12,122.98452758789062,122.98452758789062,120.26486852149502,121.95465837416761,225023300
2025-05-13,129.9136505126953,131.20349680462547,124.45434579721417,124.96428378706925,330430100
2025-05-14,135.32296752929688,135.4229610498005,131.66342437777934,133.18323739959362,281180800
2025-05-15,134.8130340576172,136.28285028501523,132.64330897356982,134.27309347043854,226632600
2025-05-16,135.38296508789062,136.3328578150344,133.44322189103337,136.20286928250525,226542500
2025-05-19,135.55294799804688,135.85289804232983,132.3733402168265,132.3733402168265,193154600
2025-05-20,134.3630828857422,134.5630546490785,132.6032947519003,134.2730826239034,161514200
2025-05-21,131.78341674804688,137.3827028648009,130.57356230685332,133.04325269152105,270608700
2025-05-22,132.81329345703125,134.23311300774128,131.53345568577518,132.21336282687446,187344000
2025-05-23,131.2734832763672,132.66330787048915,129.14376150329426,129.98365220977007,198821300
2025-05-27,135.48294067382812,135.64292419162265,133.2932139517279,134.13310453484723,192953600
2025-05-28,134.7930450439453,137.23274065219468,134.773043287045,136.01289284806998,304021100
2025-05-29,139.17250061035156,143.47196297724966,137.89266277883826,142.2321134030903,369241900
2025-05-30,135.11300659179688,139.6024320207408,132.9032778793795,138.7025513364048,333170900
2025-06-02,137.3627166748047,138.10261378714853,135.38295485750098,135.4729551269194,197663100
2025-06-03,141.2022247314453,141.9821253260672,137.93263208053457,138.76252943263086,225578800
2025-06-04,141.9021453857422,142.37208748278405,139.52243989492337,142.17211569309742,167120800
2025-06-05,139.97239685058594,143.98188696027037,138.81253909953503,142.15211531599257,231397900
2025-06-06,141.70216369628906,143.2519716576077,141.49218341482276,142.4920575502711,153986200
2025-06-09,142.612060546875,144.98175749406252,141.9221449149421,143.17198765195985,185114500
2025-06-10,143.94189453125,144.27183958658884,141.51219232566982,142.6720500430919,155881900
2025-06-11,142.8219451904297,144.9818270127783,141.8619926278542,144.6018435649776,167694000
2025-06-12,144.9918212890625,144.9918212890625,141.84200506767834,141.9619934165529,162365000
2025-06-13,141.9619903564453,143.57190012016565,140.84205843661482,142.47195608609783,180820600
2025-06-16,144.6818389892578,146.17174515794912,143.19191756263837,143.3419182543515,183133700
2025-06-17,144.1118621826172,145.2118062109318,143.77188503129375,144.48185167828373,139108000
2025-06-18,145.47178649902344,145.64177507521472,143.1119190601379,144.00186822839106,161494100
2025-06-20,143.84188842773438,146.1917466588846,142.6419439392267,145.4417889825313,242956200
2025-06-23,144.161865234375,144.77183143330174,142.02198656661903,142.49196127355907,154308900
2025-06-24,147.8916473388672,147.9516567694991,145.4917888831412,145.55178305584516,187566100
2025-06-25,154.30130004882812,154.44129154756814,149.2515816348226,149.2615908362584,269146500
2025-06-26,155.01126098632812,156.71116205301092,153.99131424314706,155.9711982969104,198145700
2025-06-27,157.74110412597656,158.7010567029259,155.25123904977087,156.03119384319848,263234500
2025-06-30,157.98109436035156,158.65105473929458,155.95121007936535,158.39105963903748,194580300
2025-07-01,153.29136657714844,157.19114075936278,151.4814709885328,156.28118836420296,213143600
2025-07-02,157.2411346435547,157.5911210146133,152.9613771597412,152.97137110311218,171224100
2025-07-03,159.3310089111328,160.97091579811564,157.76110539966962,158.36106240246136,143716100
2025-07-07,158.2310791015625,159.3010108082469,157.33112071622008,158.19107281354107,140139000
2025-07-08,159.99098205566406,160.21097087662494,158.3810721884118,159.32102164925746,138133000
2025-07-09,162.87081909179688,164.41072552837133,161.15091487239096,161.2109090473586,183656400
2025-07-10,164.09075927734375,164.4907306346819,161.6008940928153,164.31074810125853,167704100
2025-07-11,164.91070556640625,167.88053943905462,163.4607903198708,163.71077623333997,193633300
2025-07-14,164.06076049804688,165.48067863727533,162.0108729824689,165.36067502496692,136975800
2025-07-15,170.69036865234375,172.39026971263084,169.19045325951484,171.18034650685541,230627400
2025-07-16,171.36033630371094,171.74031976856003,168.89047429804987,171.05035621730414,158831500
2025-07-17,172.99024963378906,174.15018791751396,170.82037376702192,172.01030913929756,160841100
2025-07-18,172.40028381347656,174.24017641906912,171.2503394915346,173.63021019833226,146456400
2025-07-21,171.37034606933594,173.37023335124513,170.99036260323587,172.7402639749064,123126100
2025-07-22,167.0205841064453,171.38033896465845,164.5707252526767,171.33033873133073,193114300
2025-07-23,170.77037048339844,171.25033914956657,167.96053134785282,169.52044095634585,154082200
2025-07-24,173.73020935058594,173.82020061413024,171.29034448608226,172.43027959809626,128984600
2025-07-25,173.49021911621094,174.71015156060187,172.9502562716434,173.60021352539138,122316800
2025-07-28,176.7400360107422,176.9900219174052,173.96019394928393,174.0101941822023,140023500
2025-07-29,175.50009155273438,179.36988356772682,175.01012896550742,177.94996552058157,154077500
2025-07-30,179.25990295410156,179.87986313645385,176.03007396904806,176.50004870661488,174312200
2025-07-31,177.85997009277344,183.28967198380855,175.92007699286586,182.88968537366165,221685400
2025-08-01,173.710205078125,176.53003812303805,170.88036283204175,174.08017933113513,204529000
2025-08-04,179.98985290527344,180.18983857913796,174.5101661001552,175.150129411279,148174600
2025-08-05,178.24993896484375,180.24982614601393,175.8900714807458,179.6098628583566,156407600
2025-08-06,179.40988159179688,179.88985025482887,176.2400621628547,176.32005948301483,137192300
2025-08-07,180.7598114013672,183.86963665167795,178.78992126086553,181.5597693442696,151878400
2025-08-08,182.689697265625,183.2896695438941,180.3898238761652,181.5397681998595,123396700
2025-08-11,182.0497283935547,183.82962677132744,180.23983292857787,182.0397344504628,138323200
2025-08-12,183.14967346191406,184.46959107996432,179.4498851930147,182.94968779347354,145485700
2025-08-13,181.5797576904297,183.95962838065756,179.33989375414814,182.60969839497247,179871700
2025-08-14,182.00973510742188,183.0096786896392,179.44988197821397,179.73985890356857,129554000
2025-08-15,180.4398193359375,181.88973450248375,178.02995160113952,181.86974661621798,156602200
2025-08-18,181.99972534179688,182.92968080449612,180.5798072904055,180.58981649127065,132008000
2025-08-19,175.63009643554688,182.4897102645763,175.48011099603517,182.41970688751834,185229200
2025-08-20,175.39010620117188,175.99007848098316,168.79048741289236,175.1601234390134,215142700
2025-08-21,174.97012329101562,176.89001313294924,173.80019113380274,174.8401410010552,140040900
2025-08-22,177.97996520996094,178.57992220965232,171.19033968434712,172.60026380920357,172789400
2025-08-25,179.79986572265625,181.89975349617023,176.56005805348863,178.3399565343825,163012800
2025-08-26,181.75975036621094,182.379710508586,178.79991063056144,180.04984011627135,168688200
2025-08-27,181.5897674560547,182.47971666734583,179.0899084065932,181.96973565618129,235518900
2025-08-28,180.1598358154297,184.45959632874283,176.40005338826177,180.80980830742462,281787800
2025-08-29,174.170166015625,178.13994326196564,173.14022534545884,178.099952232122,243257900
2025-09-02,170.77037048339844,172.37028638119727,167.2105736316213,169.99041567915194,231164900
2025-09-03,170.61038208007812,172.40028977270214,168.8704898798795,171.0503597309562,164424900
2025-09-04,171.65032958984375,171.85031526705663,169.40045639085815,170.56039467979372,141670100
2025-09-05,167.01058959960938,169.02047080600087,164.06075893837155,168.02052717453523,224441400
2025-09-08,168.30050659179688,170.95036631358883,167.34056927044318,167.5405549408978,163769100
2025-09-09,170.7503662109375,170.97035502688004,166.7306038641957,169.08046220477644,157548400
2025-09-10,177.32000732421875,179.2798883121013,175.46011154547278,176.63004377208136,226852000
2025-09-11,177.1699981689453,180.27999877929688,176.47999572753906,179.67999267578125,151159300
2025-09-12,177.82000732421875,178.60000610351562,176.4499969482422,177.77000427246094,124911000
2025-09-15,177.75,178.85000610351562,174.50999450683594,175.6699981689453,147061600
2025-09-16,174.8800048828125,177.5,174.3800048828125,177.0,140737800
2025-09-17,170.2899932861328,173.1999969482422,168.41000366210938,172.63999938964844,211843800
2025-09-18,176.24000549316406,177.10000610351562,172.9600067138672,173.97999572753906,191763300
2025-09-19,176.6699981689453,178.0800018310547,175.17999267578125,175.77000427246094,237182100
2025-09-22,183.61000061035156,184.5500030517578,174.7100067138672,175.3000030517578,269637000
2025-09-23,178.42999267578125,182.4199981689453,176.2100067138672,181.97000122070312,192559600
2025-09-24,176.97000122070312,179.77999877929688,175.39999389648438,179.77000427246094,143564100
2025-09-25,177.69000244140625,180.25999450683594,173.1300048828125,174.47999572753906,191586700
2025-09-26,178.19000244140625,179.77000427246094,174.92999267578125,178.1699981689453,148573700
2025-09-29,181.85000610351562,184.0,180.32000732421875,180.42999267578125,192662800
2025-09-30,186.43499755859375,187.35000610351562,181.47999572753906,182.22000122070312,124348722
